id,first_name,last_name,email
12,James,Butt,jbutt@gmail.com
13,Josephine,Darakjy,josephine_darakjy@darakjy.org
14,Art,Venere,art@venere.org
15,Lenna,Paprocki,lpaprocki@hotmail.com
16,Donette,Foller,donette.foller@cox.net
17,Simona,Morasca,simona@morasca.com
18,Mitsue,Tollner,mitsue_tollner@yahoo.com
19,Leota,Dilliard,leota@hotmail.com
20,Sage,Wieser,sage_wieser@cox.net
21,Kris,Marrier,kris@gmail.com
22,Minna,Amigon,minna_amigon@yahoo.com
23,Abel,Maclead,amaclead@gmail.com
24,Kiley,Caldarera,kiley.caldarera@aol.com
25,Graciela,Ruta,gruta@cox.net
26,Cammy,Albares,calbares@gmail.com
27,Mattie,Poquette,mattie@aol.com
28,Meaghan,Garufi,meaghan@hotmail.com
29,Gladys,Rim,gladys.rim@rim.org
30,Yuki,Whobrey,yuki_whobrey@aol.com
31,Fletcher,Flosi,fletcher.flosi@yahoo.com
32,Bette,Nicka,bette_nicka@cox.net
33,Veronika,Inouye,vinouye@aol.com
34,Willard,Kolmetz,willard@hotmail.com
35,Maryann,Royster,mroyster@royster.com
36,Alisha,Slusarski,alisha@slusarski.com
37,Allene,Iturbide,allene_iturbide@cox.net
38,Chanel,Caudy,chanel.caudy@caudy.org
39,Ezekiel,Chui,ezekiel@chui.com
40,Willow,Kusko,wkusko@yahoo.com
41,Bernardo,Figeroa,bfigeroa@aol.com
42,Ammie,Corrio,ammie@corrio.com
43,Francine,Vocelka,francine_vocelka@vocelka.com
44,Ernie,Stenseth,ernie_stenseth@aol.com
45,Albina,Glick,albina@glick.com
46,Alishia,Sergi,asergi@gmail.com
47,Solange,Shinko,solange@shinko.com
48,Jose,Stockham,jose@yahoo.com
49,Rozella,Ostrosky,rozella.ostrosky@ostrosky.com
50,Valentine,Gillian,valentine_gillian@gmail.com
51,Kati,Rulapaugh,kati.rulapaugh@hotmail.com
52,Youlanda,Schemmer,youlanda@aol.com
53,Dyan,Oldroyd,doldroyd@aol.com
54,Roxane,Campain,roxane@hotmail.com
55,Lavera,Perin,lperin@perin.org
56,Erick,Ferencz,erick.ferencz@aol.com
57,Fatima,Saylors,fsaylors@saylors.org
58,Jina,Briddick,jina_briddick@briddick.com
59,Kanisha,Waycott,kanisha_waycott@yahoo.com
60,Emerson,Bowley,emerson.bowley@bowley.org
61,Blair,Malet,bmalet@yahoo.com
62,Brock,Bolognia,bbolognia@yahoo.com
63,Lorrie,Nestle,lnestle@hotmail.com
64,Sabra,Uyetake,sabra@uyetake.org
65,Marjory,Mastella,mmastella@mastella.com
66,Karl,Klonowski,karl_klonowski@yahoo.com
67,Tonette,Wenner,twenner@aol.com
68,Amber,Monarrez,amber_monarrez@monarrez.org
69,Shenika,Seewald,shenika@gmail.com
70,Delmy,Ahle,delmy.ahle@hotmail.com
71,Deeanna,Juhas,deeanna_juhas@gmail.com
72,Blondell,Pugh,bpugh@aol.com
73,Jamal,Vanausdal,jamal@vanausdal.org
74,Cecily,Hollack,cecily@hollack.org
75,Carmelina,Lindall,carmelina_lindall@lindall.com
76,Maurine,Yglesias,maurine_yglesias@yglesias.com
77,Tawna,Buvens,tawna@gmail.com
78,Penney,Weight,penney_weight@aol.com
79,Elly,Morocco,elly_morocco@gmail.com
80,Ilene,Eroman,ilene.eroman@hotmail.com
81,Vallie,Mondella,vmondella@mondella.com
82,Kallie,Blackwood,kallie.blackwood@gmail.com
83,Johnetta,Abdallah,johnetta_abdallah@aol.com
84,Bobbye,Rhym,brhym@rhym.com
85,Micaela,Rhymes,micaela_rhymes@gmail.com
86,Tamar,Hoogland,tamar@hotmail.com
87,Moon,Parlato,moon@yahoo.com
88,Laurel,Reitler,laurel_reitler@reitler.com
89,Delisa,Crupi,delisa.crupi@crupi.com
90,Viva,Toelkes,viva.toelkes@gmail.com
91,Elza,Lipke,elza@yahoo.com
92,Devorah,Chickering,devorah@hotmail.com
93,Timothy,Mulqueen,timothy_mulqueen@mulqueen.org
94,Arlette,Honeywell,ahoneywell@honeywell.com
95,Dominque,Dickerson,dominque.dickerson@dickerson.org
96,Lettie,Isenhower,lettie_isenhower@yahoo.com
97,Myra,Munns,mmunns@cox.net
98,Stephaine,Barfield,stephaine@barfield.com
99,Lai,Gato,lai.gato@gato.org
100,Stephen,Emigh,stephen_emigh@hotmail.com
101,Tyra,Shields,tshields@gmail.com
102,Tammara,Wardrip,twardrip@cox.net
103,Cory,Gibes,cory.gibes@gmail.com
104,Danica,Bruschke,danica_bruschke@gmail.com
105,Wilda,Giguere,wilda@cox.net
106,Elvera,Benimadho,elvera.benimadho@cox.net
107,Carma,Vanheusen,carma@cox.net
108,Malinda,Hochard,malinda.hochard@yahoo.com
109,Natalie,Fern,natalie.fern@hotmail.com
110,Lisha,Centini,lisha@centini.org
111,Arlene,Klusman,arlene_klusman@gmail.com
112,Alease,Buemi,alease@buemi.com
113,Louisa,Cronauer,louisa@cronauer.com
114,Angella,Cetta,angella.cetta@hotmail.com
115,Cyndy,Goldammer,cgoldammer@cox.net
116,Rosio,Cork,rosio.cork@gmail.com
117,Celeste,Korando,ckorando@hotmail.com
118,Twana,Felger,twana.felger@felger.org
119,Estrella,Samu,estrella@aol.com
120,Donte,Kines,dkines@hotmail.com
121,Tiffiny,Steffensmeier,tiffiny_steffensmeier@cox.net
122,Edna,Miceli,emiceli@miceli.org
123,Sue,Kownacki,sue@aol.com
124,Jesusa,Shin,jshin@shin.com
125,Rolland,Francescon,rolland@cox.net
126,Pamella,Schmierer,pamella.schmierer@schmierer.org
127,Glory,Kulzer,gkulzer@kulzer.org
128,Shawna,Palaspas,shawna_palaspas@palaspas.org
129,Brandon,Callaro,brandon_callaro@hotmail.com
130,Scarlet,Cartan,scarlet.cartan@yahoo.com
131,Oretha,Menter,oretha_menter@yahoo.com
132,Ty,Smith,tsmith@aol.com
133,Xuan,Rochin,xuan@gmail.com
134,Lindsey,Dilello,lindsey.dilello@hotmail.com
135,Devora,Perez,devora_perez@perez.org
136,Herman,Demesa,hdemesa@cox.net
137,Rory,Papasergi,rpapasergi@cox.net
138,Talia,Riopelle,talia_riopelle@aol.com
139,Van,Shire,van.shire@shire.com
140,Lucina,Lary,lucina_lary@cox.net
141,Bok,Isaacs,bok.isaacs@aol.com
142,Rolande,Spickerman,rolande.spickerman@spickerman.com
143,Howard,Paulas,hpaulas@gmail.com
144,Kimbery,Madarang,kimbery_madarang@cox.net
145,Thurman,Manno,thurman.manno@yahoo.com
146,Becky,Mirafuentes,becky.mirafuentes@mirafuentes.com
147,Beatriz,Corrington,beatriz@yahoo.com
148,Marti,Maybury,marti.maybury@yahoo.com
149,Nieves,Gotter,nieves_gotter@gmail.com
150,Leatha,Hagele,lhagele@cox.net
151,Valentin,Klimek,vklimek@klimek.org
152,Melissa,Wiklund,melissa@cox.net
153,Sheridan,Zane,sheridan.zane@zane.com
154,Bulah,Padilla,bulah_padilla@hotmail.com
155,Audra,Kohnert,audra@kohnert.com
156,Daren,Weirather,dweirather@aol.com
157,Fernanda,Jillson,fjillson@aol.com
158,Gearldine,Gellinger,gearldine_gellinger@gellinger.com
159,Chau,Kitzman,chau@gmail.com
160,Theola,Frey,theola_frey@frey.com
161,Cheryl,Haroldson,cheryl@haroldson.org
162,Laticia,Merced,lmerced@gmail.com
163,Carissa,Batman,carissa.batman@yahoo.com
164,Lezlie,Craghead,lezlie.craghead@craghead.org
165,Ozell,Shealy,oshealy@hotmail.com
166,Arminda,Parvis,arminda@parvis.com
167,Reita,Leto,reita.leto@gmail.com
168,Yolando,Luczki,yolando@cox.net
169,Lizette,Stem,lizette.stem@aol.com
170,Gregoria,Pawlowicz,gpawlowicz@yahoo.com
171,Carin,Deleo,cdeleo@deleo.com
172,Chantell,Maynerich,chantell@yahoo.com
173,Dierdre,Yum,dyum@yahoo.com
174,Larae,Gudroe,larae_gudroe@gmail.com
175,Latrice,Tolfree,latrice.tolfree@hotmail.com
176,Kerry,Theodorov,kerry.theodorov@gmail.com
177,Dorthy,Hidvegi,dhidvegi@yahoo.com
178,Fannie,Lungren,fannie.lungren@yahoo.com
179,Evangelina,Radde,evangelina@aol.com
180,Novella,Degroot,novella_degroot@degroot.org
181,Clay,Hoa,choa@hoa.org
182,Jennifer,Fallick,jfallick@yahoo.com
183,Irma,Wolfgramm,irma.wolfgramm@hotmail.com
184,Eun,Coody,eun@yahoo.com
185,Sylvia,Cousey,sylvia_cousey@cousey.org
186,Nana,Wrinkles,nana@aol.com
187,Layla,Springe,layla.springe@cox.net
188,Joesph,Degonia,joesph_degonia@degonia.org
189,Annabelle,Boord,annabelle.boord@cox.net
190,Stephaine,Vinning,stephaine@cox.net
191,Nelida,Sawchuk,nelida@gmail.com
192,Marguerita,Hiatt,marguerita.hiatt@gmail.com
193,Carmela,Cookey,ccookey@cookey.org
194,Junita,Brideau,jbrideau@aol.com
195,Claribel,Varriano,claribel_varriano@cox.net
196,Benton,Skursky,benton.skursky@aol.com
197,Hillary,Skulski,hillary.skulski@aol.com
198,Merilyn,Bayless,merilyn_bayless@cox.net
199,Teri,Ennaco,tennaco@gmail.com
200,Merlyn,Lawler,merlyn_lawler@hotmail.com
201,Georgene,Montezuma,gmontezuma@cox.net
202,Jettie,Mconnell,jmconnell@hotmail.com
203,Lemuel,Latzke,lemuel.latzke@gmail.com
204,Melodie,Knipp,mknipp@gmail.com
205,Candida,Corbley,candida_corbley@hotmail.com
206,Karan,Karpin,karan_karpin@gmail.com
207,Andra,Scheyer,andra@gmail.com
208,Felicidad,Poullion,fpoullion@poullion.com
209,Belen,Strassner,belen_strassner@aol.com
210,Gracia,Melnyk,gracia@melnyk.com
211,Jolanda,Hanafan,jhanafan@gmail.com
212,Barrett,Toyama,barrett.toyama@toyama.org
213,Helga,Fredicks,helga_fredicks@yahoo.com
214,Ashlyn,Pinilla,apinilla@cox.net
215,Fausto,Agramonte,fausto_agramonte@yahoo.com
216,Ronny,Caiafa,ronny.caiafa@caiafa.org
217,Marge,Limmel,marge@gmail.com
218,Norah,Waymire,norah.waymire@gmail.com
219,Aliza,Baltimore,aliza@aol.com
220,Mozell,Pelkowski,mpelkowski@pelkowski.org
221,Viola,Bitsuie,viola@gmail.com
222,Franklyn,Emard,femard@emard.com
223,Willodean,Konopacki,willodean_konopacki@konopacki.org
224,Beckie,Silvestrini,beckie.silvestrini@silvestrini.com
225,Rebecka,Gesick,rgesick@gesick.org
226,Frederica,Blunk,frederica_blunk@gmail.com
227,Glen,Bartolet,glen_bartolet@hotmail.com
228,Freeman,Gochal,freeman_gochal@aol.com
229,Vincent,Meinerding,vincent.meinerding@hotmail.com
230,Rima,Bevelacqua,rima@cox.net
231,Glendora,Sarbacher,gsarbacher@gmail.com
232,Avery,Steier,avery@cox.net
233,Cristy,Lother,cristy@lother.com
234,Nicolette,Brossart,nicolette_brossart@brossart.com
235,Tracey,Modzelewski,tracey@hotmail.com
236,Virgina,Tegarden,virgina_tegarden@tegarden.com
237,Tiera,Frankel,tfrankel@aol.com
238,Alaine,Bergesen,alaine_bergesen@cox.net
239,Earleen,Mai,earleen_mai@cox.net
240,Leonida,Gobern,leonida@gobern.org
241,Ressie,Auffrey,ressie.auffrey@yahoo.com
242,Justine,Mugnolo,jmugnolo@yahoo.com
243,Eladia,Saulter,eladia@saulter.com
244,Chaya,Malvin,chaya@malvin.com
245,Gwenn,Suffield,gwenn_suffield@suffield.org
246,Salena,Karpel,skarpel@cox.net
247,Yoko,Fishburne,yoko@fishburne.com
248,Taryn,Moyd,taryn.moyd@hotmail.com
249,Katina,Polidori,katina_polidori@aol.com
250,Rickie,Plumer,rickie.plumer@aol.com
251,Alex,Loader,alex@loader.com
252,Lashon,Vizarro,lashon@aol.com
253,Lauran,Burnard,lburnard@burnard.com
254,Ceola,Setter,ceola.setter@setter.org
255,My,Rantanen,my@hotmail.com
256,Lorrine,Worlds,lorrine.worlds@worlds.com
257,Peggie,Sturiale,peggie@cox.net
258,Marvel,Raymo,mraymo@yahoo.com
259,Daron,Dinos,daron_dinos@cox.net
260,An,Fritz,an_fritz@hotmail.com
261,Portia,Stimmel,portia.stimmel@aol.com
262,Rhea,Aredondo,rhea_aredondo@cox.net
263,Benedict,Sama,bsama@cox.net
264,Alyce,Arias,alyce@arias.org
265,Heike,Berganza,heike@gmail.com
266,Carey,Dopico,carey_dopico@dopico.org
267,Dottie,Hellickson,dottie@hellickson.org
268,Deandrea,Hughey,deandrea@yahoo.com
269,Kimberlie,Duenas,kimberlie_duenas@yahoo.com
270,Martina,Staback,martina_staback@staback.com
271,Skye,Fillingim,skye_fillingim@yahoo.com
272,Jade,Farrar,jade.farrar@yahoo.com
273,Charlene,Hamilton,charlene.hamilton@hotmail.com
274,Geoffrey,Acey,geoffrey@gmail.com
275,Stevie,Westerbeck,stevie.westerbeck@yahoo.com
276,Pamella,Fortino,pamella@fortino.com
277,Harrison,Haufler,hhaufler@hotmail.com
278,Johnna,Engelberg,jengelberg@engelberg.org
279,Buddy,Cloney,buddy.cloney@yahoo.com
280,Dalene,Riden,dalene.riden@aol.com
281,Jerry,Zurcher,jzurcher@zurcher.org
282,Haydee,Denooyer,hdenooyer@denooyer.org
283,Joseph,Cryer,joseph_cryer@cox.net
284,Deonna,Kippley,deonna_kippley@hotmail.com
285,Raymon,Calvaresi,raymon.calvaresi@gmail.com
286,Alecia,Bubash,alecia@aol.com
287,Ma,Layous,mlayous@hotmail.com
288,Detra,Coyier,detra@aol.com
289,Terrilyn,Rodeigues,terrilyn.rodeigues@cox.net
290,Salome,Lacovara,slacovara@gmail.com
291,Garry,Keetch,garry_keetch@hotmail.com
292,Matthew,Neither,mneither@yahoo.com
293,Theodora,Restrepo,theodora.restrepo@restrepo.com
294,Noah,Kalafatis,noah.kalafatis@aol.com
295,Carmen,Sweigard,csweigard@sweigard.com
296,Lavonda,Hengel,lavonda@cox.net
297,Junita,Stoltzman,junita@aol.com
298,Herminia,Nicolozakes,herminia@nicolozakes.org
299,Casie,Good,casie.good@aol.com
300,Reena,Maisto,reena@hotmail.com
301,Mirta,Mallett,mirta_mallett@gmail.com
302,Cathrine,Pontoriero,cathrine.pontoriero@pontoriero.com
303,Filiberto,Tawil,ftawil@hotmail.com
304,Raul,Upthegrove,rupthegrove@yahoo.com
305,Sarah,Candlish,sarah.candlish@gmail.com
306,Lucy,Treston,lucy@cox.net
307,Judy,Aquas,jaquas@aquas.com
308,Yvonne,Tjepkema,yvonne.tjepkema@hotmail.com
309,Kayleigh,Lace,kayleigh.lace@yahoo.com
310,Felix,Hirpara,felix_hirpara@cox.net
311,Tresa,Sweely,tresa_sweely@hotmail.com
312,Kristeen,Turinetti,kristeen@gmail.com
313,Jenelle,Regusters,jregusters@regusters.com
314,Renea,Monterrubio,renea@hotmail.com
315,Olive,Matuszak,olive@aol.com
316,Ligia,Reiber,lreiber@cox.net
317,Christiane,Eschberger,christiane.eschberger@yahoo.com
318,Goldie,Schirpke,goldie.schirpke@yahoo.com
319,Loreta,Timenez,loreta.timenez@hotmail.com
320,Fabiola,Hauenstein,fabiola.hauenstein@hauenstein.org
321,Amie,Perigo,amie.perigo@yahoo.com
322,Raina,Brachle,raina.brachle@brachle.org
323,Erinn,Canlas,erinn.canlas@canlas.com
324,Cherry,Lietz,cherry@lietz.com
325,Kattie,Vonasek,kattie@vonasek.org
326,Lilli,Scriven,lilli@aol.com
327,Whitley,Tomasulo,whitley.tomasulo@aol.com
328,Barbra,Adkin,badkin@hotmail.com
329,Hermila,Thyberg,hermila_thyberg@hotmail.com
330,Jesusita,Flister,jesusita.flister@hotmail.com
331,Caitlin,Julia,caitlin.julia@julia.org
332,Roosevelt,Hoffis,roosevelt.hoffis@aol.com
333,Helaine,Halter,hhalter@yahoo.com
334,Lorean,Martabano,lorean.martabano@hotmail.com
335,France,Buzick,france.buzick@yahoo.com
336,Justine,Ferrario,jferrario@hotmail.com
337,Adelina,Nabours,adelina_nabours@gmail.com
338,Derick,Dhamer,ddhamer@cox.net
339,Jerry,Dallen,jerry.dallen@yahoo.com
340,Leota,Ragel,leota.ragel@gmail.com
341,Jutta,Amyot,jamyot@hotmail.com
342,Aja,Gehrett,aja_gehrett@hotmail.com
343,Kirk,Herritt,kirk.herritt@aol.com
344,Leonora,Mauson,leonora@yahoo.com
345,Winfred,Brucato,winfred_brucato@hotmail.com
346,Tarra,Nachor,tarra.nachor@cox.net
347,Corinne,Loder,corinne@loder.org
348,Dulce,Labreche,dulce_labreche@yahoo.com
349,Kate,Keneipp,kate_keneipp@yahoo.com
350,Kaitlyn,Ogg,kaitlyn.ogg@gmail.com
351,Sherita,Saras,sherita.saras@cox.net
352,Lashawnda,Stuer,lstuer@cox.net
353,Ernest,Syrop,ernest@cox.net
354,Nobuko,Halsey,nobuko.halsey@yahoo.com
355,Lavonna,Wolny,lavonna.wolny@hotmail.com
356,Lashaunda,Lizama,llizama@cox.net
357,Mariann,Bilden,mariann.bilden@aol.com
358,Helene,Rodenberger,helene@aol.com
359,Roselle,Estell,roselle.estell@hotmail.com
360,Samira,Heintzman,sheintzman@hotmail.com
361,Margart,Meisel,margart_meisel@yahoo.com
362,Kristofer,Bennick,kristofer.bennick@yahoo.com
363,Weldon,Acuff,wacuff@gmail.com
364,Shalon,Shadrick,shalon@cox.net
365,Denise,Patak,denise@patak.org
366,Louvenia,Beech,louvenia.beech@beech.com
367,Audry,Yaw,audry.yaw@yaw.org
368,Kristel,Ehmann,kristel.ehmann@aol.com
369,Vincenza,Zepp,vzepp@gmail.com
370,Elouise,Gwalthney,egwalthney@yahoo.com
371,Venita,Maillard,venita_maillard@gmail.com
372,Kasandra,Semidey,kasandra_semidey@semidey.com
373,Xochitl,Discipio,xdiscipio@gmail.com
374,Maile,Linahan,mlinahan@yahoo.com
375,Krissy,Rauser,krauser@cox.net
376,Pete,Dubaldi,pdubaldi@hotmail.com
377,Linn,Paa,linn_paa@paa.com
378,Paris,Wide,paris@hotmail.com
379,Wynell,Dorshorst,wynell_dorshorst@dorshorst.org
380,Quentin,Birkner,qbirkner@aol.com
381,Regenia,Kannady,regenia.kannady@cox.net
382,Sheron,Louissant,sheron@aol.com
383,Izetta,Funnell,izetta.funnell@hotmail.com
384,Rodolfo,Butzen,rodolfo@hotmail.com
385,Zona,Colla,zona@hotmail.com
386,Serina,Zagen,szagen@aol.com
387,Paz,Sahagun,paz_sahagun@cox.net
388,Markus,Lukasik,markus@yahoo.com
389,Jaclyn,Bachman,jaclyn@aol.com
390,Cyril,Daufeldt,cyril_daufeldt@daufeldt.com
391,Gayla,Schnitzler,gschnitzler@gmail.com
392,Erick,Nievas,erick_nievas@aol.com
393,Jennie,Drymon,jennie@cox.net
394,Mitsue,Scipione,mscipione@scipione.com
395,Ciara,Ventura,cventura@yahoo.com
396,Galen,Cantres,galen@yahoo.com
397,Truman,Feichtner,tfeichtner@yahoo.com
398,Gail,Kitty,gail@kitty.com
399,Dalene,Schoeneck,dalene@schoeneck.org
400,Gertude,Witten,gertude.witten@gmail.com
401,Lizbeth,Kohl,lizbeth@yahoo.com
402,Glenn,Berray,gberray@gmail.com
403,Lashandra,Klang,lashandra@yahoo.com
404,Lenna,Newville,lnewville@newville.com
405,Laurel,Pagliuca,laurel@yahoo.com
406,Mireya,Frerking,mireya.frerking@hotmail.com
407,Annelle,Tagala,annelle@yahoo.com
408,Dean,Ketelsen,dean_ketelsen@gmail.com
409,Levi,Munis,levi.munis@gmail.com
410,Sylvie,Ryser,sylvie@aol.com
411,Sharee,Maile,sharee_maile@aol.com
412,Cordelia,Storment,cordelia_storment@aol.com
413,Mollie,Mcdoniel,mollie_mcdoniel@yahoo.com
414,Brett,Mccullan,brett.mccullan@mccullan.com
415,Teddy,Pedrozo,teddy_pedrozo@aol.com
416,Tasia,Andreason,tasia_andreason@yahoo.com
417,Hubert,Walthall,hubert@walthall.org
418,Arthur,Farrow,arthur.farrow@yahoo.com
419,Vilma,Berlanga,vberlanga@berlanga.com
420,Billye,Miro,billye_miro@cox.net
421,Glenna,Slayton,glenna_slayton@cox.net
422,Mitzie,Hudnall,mitzie_hudnall@yahoo.com
423,Bernardine,Rodefer,bernardine_rodefer@yahoo.com
424,Staci,Schmaltz,staci_schmaltz@aol.com
425,Nichelle,Meteer,nichelle_meteer@meteer.com
426,Janine,Rhoden,jrhoden@yahoo.com
427,Ettie,Hoopengardner,ettie.hoopengardner@hotmail.com
428,Eden,Jayson,eden_jayson@yahoo.com
429,Lynelle,Auber,lynelle_auber@gmail.com
430,Merissa,Tomblin,merissa.tomblin@gmail.com
431,Golda,Kaniecki,golda_kaniecki@yahoo.com
432,Catarina,Gleich,catarina_gleich@hotmail.com
433,Virgie,Kiel,vkiel@hotmail.com
434,Jolene,Ostolaza,jolene@yahoo.com
435,Keneth,Borgman,keneth@yahoo.com
436,Rikki,Nayar,rikki@nayar.com
437,Elke,Sengbusch,elke_sengbusch@yahoo.com
438,Hoa,Sarao,hoa@sarao.org
439,Trinidad,Mcrae,trinidad_mcrae@yahoo.com
440,Mari,Lueckenbach,mari_lueckenbach@yahoo.com
441,Selma,Husser,selma.husser@cox.net
442,Antione,Onofrio,aonofrio@onofrio.com
443,Luisa,Jurney,ljurney@hotmail.com
444,Clorinda,Heimann,clorinda.heimann@hotmail.com
445,Dick,Wenzinger,dick@yahoo.com
446,Ahmed,Angalich,ahmed.angalich@angalich.com
447,Iluminada,Ohms,iluminada.ohms@yahoo.com
448,Joanna,Leinenbach,joanna_leinenbach@hotmail.com
449,Caprice,Suell,caprice@aol.com
450,Stephane,Myricks,stephane_myricks@cox.net
451,Quentin,Swayze,quentin_swayze@yahoo.com
452,Annmarie,Castros,annmarie_castros@gmail.com
453,Shonda,Greenbush,shonda_greenbush@cox.net
454,Cecil,Lapage,clapage@lapage.com
455,Jeanice,Claucherty,jeanice.claucherty@yahoo.com
456,Josphine,Villanueva,josphine_villanueva@villanueva.com
457,Daniel,Perruzza,dperruzza@perruzza.com
458,Cassi,Wildfong,cassi.wildfong@aol.com
459,Britt,Galam,britt@galam.org
460,Adell,Lipkin,adell.lipkin@lipkin.com
461,Jacqueline,Rowling,jacqueline.rowling@yahoo.com
462,Lonny,Weglarz,lonny_weglarz@gmail.com
463,Lonna,Diestel,lonna_diestel@gmail.com
464,Cristal,Samara,cristal@cox.net
465,Kenneth,Grenet,kenneth.grenet@grenet.org
466,Elli,Mclaird,emclaird@mclaird.com
467,Alline,Jeanty,ajeanty@gmail.com
468,Sharika,Eanes,sharika.eanes@aol.com
469,Nu,Mcnease,nu@gmail.com
470,Daniela,Comnick,dcomnick@cox.net
471,Cecilia,Colaizzo,cecilia_colaizzo@colaizzo.com
472,Leslie,Threets,leslie@cox.net
473,Nan,Koppinger,nan@koppinger.com
474,Izetta,Dewar,idewar@dewar.com
475,Tegan,Arceo,tegan.arceo@arceo.org
476,Ruthann,Keener,ruthann@hotmail.com
477,Joni,Breland,joni_breland@cox.net
478,Vi,Rentfro,vrentfro@cox.net
479,Colette,Kardas,colette.kardas@yahoo.com
480,Malcolm,Tromblay,malcolm_tromblay@cox.net
481,Ryan,Harnos,ryan@cox.net
482,Jess,Chaffins,jess.chaffins@chaffins.org
483,Sharen,Bourbon,sbourbon@yahoo.com
484,Nickolas,Juvera,nickolas_juvera@cox.net
485,Gary,Nunlee,gary_nunlee@nunlee.org
486,Diane,Devreese,diane@cox.net
487,Roslyn,Chavous,roslyn.chavous@chavous.org
488,Glory,Schieler,glory@yahoo.com
489,Rasheeda,Sayaphon,rasheeda@aol.com
490,Alpha,Palaia,alpha@yahoo.com
491,Refugia,Jacobos,refugia.jacobos@jacobos.com
492,Shawnda,Yori,shawnda.yori@yahoo.com
493,Mona,Delasancha,mdelasancha@hotmail.com
494,Gilma,Liukko,gilma_liukko@gmail.com
495,Janey,Gabisi,jgabisi@hotmail.com
496,Lili,Paskin,lili.paskin@cox.net
497,Loren,Asar,loren.asar@aol.com
498,Dorothy,Chesterfield,dorothy@cox.net
499,Gail,Similton,gail_similton@similton.com
500,Catalina,Tillotson,catalina@hotmail.com
501,Lawrence,Lorens,lawrence.lorens@hotmail.com
502,Carlee,Boulter,carlee.boulter@hotmail.com
503,Thaddeus,Ankeny,tankeny@ankeny.org
504,Jovita,Oles,joles@gmail.com
505,Alesia,Hixenbaugh,alesia_hixenbaugh@hixenbaugh.org
506,Lai,Harabedian,lai@gmail.com
507,Brittni,Gillaspie,bgillaspie@gillaspie.com
508,Raylene,Kampa,rkampa@kampa.org
509,Flo,Bookamer,flo.bookamer@cox.net
510,Jani,Biddy,jbiddy@yahoo.com
511,Chauncey,Motley,chauncey_motley@aol.com